{"epoch": 0, "loss": 0.5296146869659424, "accuracy": 0.8099374771118164}
{"epoch": 1, "loss": 0.3824205994606018, "accuracy": 0.862375020980835}
{"epoch": 2, "loss": 0.3379240334033966, "accuracy": 0.8767708539962769}
{"epoch": 3, "loss": 0.30941256880760193, "accuracy": 0.8868749737739563}
{"epoch": 4, "loss": 0.28966352343559265, "accuracy": 0.893583357334137}
{"epoch": 5, "loss": 0.2415563017129898, "accuracy": 0.909291684627533}
{"epoch": 6, "loss": 0.22770483791828156, "accuracy": 0.9155208468437195}
{"epoch": 7, "loss": 0.21747393906116486, "accuracy": 0.918874979019165}
{"epoch": 8, "loss": 0.20812642574310303, "accuracy": 0.9217708110809326}
{"epoch": 9, "loss": 0.20068132877349854, "accuracy": 0.924875020980835}
