{"epoch": 0, "loss": 0.6321537494659424, "accuracy": 0.7707499861717224}
{"epoch": 1, "loss": 0.46800488233566284, "accuracy": 0.8302916884422302}
{"epoch": 2, "loss": 0.4239782691001892, "accuracy": 0.8453333377838135}
{"epoch": 3, "loss": 0.3987181782722473, "accuracy": 0.8542708158493042}
{"epoch": 4, "loss": 0.379909873008728, "accuracy": 0.8609583377838135}
{"epoch": 5, "loss": 0.3489518165588379, "accuracy": 0.8727291822433472}
{"epoch": 6, "loss": 0.3410840928554535, "accuracy": 0.8741458058357239}
{"epoch": 7, "loss": 0.3312681019306183, "accuracy": 0.8781874775886536}
{"epoch": 8, "loss": 0.3246024549007416, "accuracy": 0.8808125257492065}
{"epoch": 9, "loss": 0.31951114535331726, "accuracy": 0.8811666369438171}
